expr,true_expr,predict_expr,r2,sr,time,complexity,noise,range
Keijzer-3,0.00001*log(x_1),0.000206962664929577 + 0.000605874037270316*exp(-17.0328295731817/x_1**0.0883181315125549)/pi**0.585558750634104,0.9999915165162402,0,18.15944766998291,13,0.0,"[1000000000000.0, 1000000000000000.0]"
Keijzer-6,1000000*sqrt(x_1),316227.764096372*sqrt(10)*sqrt(x_1),0.9999999999999997,0,18.071696758270264,8,0.0,"[1e+16, 1e+18]"
Keijzer-7,100000*log(x_1 + sqrt(x_1**2 + 1)),2826392.49898437 + 89383048.356683*exp(-116.315387636692/x_1**0.135909521182233)/pi**3.31167991361541,0.9999854118340298,0,19.470719814300537,13,0.0,"[100000000000000.0, 1e+16]"
Keijzer-8,x_1**4 - x_1**3 + x_2**2/2 - x_2,0.997103783679397*x_1**4.00012653190167,0.9999999996822861,0,24.374189376831055,5,0.0,"[100000000.0, 10000000000.0]"
Keijzer-9,x_2**2 + 8/(x_1**2 + 2),1.0*x_2*(-5.95543917907359*x_1 + 0.999999993463227*x_2*(1 - 0.0277231513271115*x_1)**6.82364384421818 - 2954779.96407191)/(1 - 0.0277231513271115*x_1)**6.82364384421818,0.9999999999999999,0,28.052969217300415,25,0.0,"[-100000.0, -1000.0]"
